{
  "hash": "771fdf75",
  "configHash": "90249313",
  "lockfileHash": "923309e8",
  "browserHash": "fc67bf35",
  "optimized": {
    "@angular/common": {
      "src": "../../../../../node_modules/@angular/common/fesm2022/common.mjs",
      "file": "@angular_common.js",
      "fileHash": "079eb22c",
      "needsInterop": false
    },
    "@angular/common/http": {
      "src": "../../../../../node_modules/@angular/common/fesm2022/http.mjs",
      "file": "@angular_common_http.js",
      "fileHash": "a3ea62e3",
      "needsInterop": false
    },
    "@angular/core": {
      "src": "../../../../../node_modules/@angular/core/fesm2022/core.mjs",
      "file": "@angular_core.js",
      "fileHash": "9e7222ab",
      "needsInterop": false
    },
    "@angular/forms": {
      "src": "../../../../../node_modules/@angular/forms/fesm2022/forms.mjs",
      "file": "@angular_forms.js",
      "fileHash": "031418b9",
      "needsInterop": false
    },
    "@angular/platform-browser": {
      "src": "../../../../../node_modules/@angular/platform-browser/fesm2022/platform-browser.mjs",
      "file": "@angular_platform-browser.js",
      "fileHash": "4c2b3b07",
      "needsInterop": false
    },
    "@angular/platform-server": {
      "src": "../../../../../node_modules/@angular/platform-server/fesm2022/platform-server.mjs",
      "file": "@angular_platform-server.js",
      "fileHash": "2981d8a3",
      "needsInterop": false
    },
    "@angular/router": {
      "src": "../../../../../node_modules/@angular/router/fesm2022/router.mjs",
      "file": "@angular_router.js",
      "fileHash": "f595282f",
      "needsInterop": false
    },
    "rxjs": {
      "src": "../../../../../node_modules/rxjs/dist/cjs/index.js",
      "file": "rxjs.js",
      "fileHash": "9915f604",
      "needsInterop": true
    }
  },
  "chunks": {
    "xhr2-JDAPKF6S": {
      "file": "xhr2-JDAPKF6S.js"
    },
    "chunk-RZI3VICU": {
      "file": "chunk-RZI3VICU.js"
    },
    "chunk-BYPDXI4W": {
      "file": "chunk-BYPDXI4W.js"
    },
    "chunk-27HNZWKO": {
      "file": "chunk-27HNZWKO.js"
    },
    "chunk-QIUYSFOA": {
      "file": "chunk-QIUYSFOA.js"
    },
    "chunk-VDZEJD3D": {
      "file": "chunk-VDZEJD3D.js"
    },
    "chunk-NQ4HTGF6": {
      "file": "chunk-NQ4HTGF6.js"
    }
  }
}